Dataset1,Dataset2
22,2
244,2
188,2
238,32
8,285
135,216
287,216
279,265
241,265
45,265
51,307
99,307
43,307
158,307
14,307
135,307
16,92
161,92
10,208
137,359
204,359
275,359
183,49
222,56
115,56
58,56
260,56
170,56
161,56
151,56
287,56
348,220
239,220
158,220
289,220
95,220
188,220
105,220
348,220
298,220
309,220
244,125
251,125
343,125
143,125
52,125
251,125
296,220
162,344
191,344
288,344
260,344
237,344
204,344
173,344
111,344
21,344
197,220
314,220
227,220
322,220
348,34
313,34
166,34
174,34
119,34
314,34
317,34
42,34
314,34
18,34
302,299
197,299
320,299
120,299
149,299
331,299
239,299
8,299
134,299
338,299
225,299
132,299
244,299
248,299
19,299
214,299
105,62
163,62
354,62
300,62
105,62
152,62
149,62
258,62
114,98
302,98
226,98
334,98
79,325
334,325
120,325
322,325
152,325
18,325
79,206
195,206
76,309
314,309
193,309
108,309
136,309
257,309
304,309
79,309
24,309
53,229
89,229
263,229
267,229
340,229
256,229
109,194
87,327
286,327
103,327
190,327
263,327
356,327
354,327
8,327
354,327
149,325
129,295
221,295
62,295
52,214
87,214
201,214
179,214
100,214
283,214
201,214
252,214
288,214
294,198
250,38
62,38
34,38
50,38
250,38
78,38
350,38
78,38
87,38
,187
,255
,255
,255
,255
,255
,255
,15
,15
,15
,15
,80
,80
,80
,80
,80
,80
,187
,187
,187
,187
,178
,178
,178
,178
,178
,178
,15
,15
,15
,15
,300
,300
,300
,300
,300
,300
,300
,300
,300
,300
,253
,253
,253
,253
,253
,253
,15
,63
,63
,63
,198
,198
,198
,198
,198
,198
,247
,176
,254
,157
,157
,157
,157
,157
,157
,157
,157
,157
,325
,325
,156
,156
,156
,156
,156
,156
,156
,151
,151
,151
,98
,37
,37
,37
,37
,315
,315
,315
,315
,315
,315
,8
,8
,8
,8
,8
,8
,8
,8
,8
,8
,8
,8
,168
,168
,168
,168
,168
,168
,168
,168
,168
,168
,115
,115
,115
,115
,115
,115
,115
,115
,115
,23
,23
,311
,311
,311
,311
,260
,260
,260
,347
,347
,347
,347
,347
,347
,347
,347
,347
,347
,347
,347
,347
,347
,347
,267
,79
,79
,79
,79
,79
,79
,79
,79
,212
,212
,212
,212
,212
,212
,212
,212
,212
,212
,212
,212
,37
,37
,37
,37
,37
,315
,315
,315
,315
,315
,315
,315
,8
,8
,8
,176
,176
,176
,176
,276
,276
,276
,276
,276
,276
,144
,144
,144
,144
,265
,265
,265
,98
,98
,98
,98
,98
,98
,98
,98
,98
,53
,53
,39
,39
,39
,39
,39
,39
,39
,39
,39
,39
,39
,39
,39
,39
,39
,39
,39
,39
,39
,39
,39
,39
,39
,105
,105
,105
,105
,105
,105
,244
,244
,244
,244
,244
,244
,244
,244
,244
,244
,336
,11
,11
,11
,105
,116
,116
,116
,116
,116
,116
,116
,116
,116
,116
,254
,2
,2
,269
,269
,269
,269
,269
,269
,275
,275
,160
,160
,160
,206
,206
,206
,206
,206
,252
,252
,27
,27
,27
,27
,27
,27
,27
,290
,283
,283
,283
,283
,283
,283
,283
,283
,283
,283
,353
,353
,353
,291
,291
,291
,291
,291
,291
,291
,291
,291
,32
,32
,32
,32
,32
,32
,32
,32
,32
,32
,44
,44
,44
,44
,44
,44
,235
,235
,235
,235
,235
,235
,235
,231
,231
,231
,231
,231
,231
,231
,231
,231
,231
,231
,231
,231
,316
,316
,316
,316
,316
,316
,316
,316
,316
,316
,93
,93
,93
,93
,93
,93
,93
,84
,84
,84
,84
,71
,93
,225
,176
,176
,176
,69
,69
,69
,69
,69
,69
,69
,69
,274
,274
,12
,12
,12
,12
,12
,12
,12
,12
,12
,12
,1
,1
,19
,19
,19
,19
,19
,19
,19
,19
,118
,118
,30
,30
,30
,30
,30
,30
,30
,269
,269
,75
,75
,75
,75
,75
,75
,75
,75
,75
,92
,92
,92
,154
,154
,154
,154
,154
,154
,240
,240
,240
,3
,3
,3
,3
,3
,157
,157
,1
,1
,19
,19
,19
,19
,19
,19
,267
,267
,43
,268
,268
,3
,3
,3
,3
,3
,3
,3
,3
,218
,218
,218
,218
,218
,218
,218
,218
,165
,165
,13
,13
,13
,13
,13
,13
,13
,13
,13
,305
,305
,136
,136
,136
,136
,136
,136
,136
,136
,100
,100
,100
,100
,290
,290
,290
,290
,290
,290
,250
,192
,192
,192
,192
,192
,192
,192
,216
,216
,216
,116
,116
,116
,213
,213
,213
,213
,213
,213
,213
,252
,252
,252
,252
,252
,252
,252
,29
,29
,29
,29
,29
,29
,29
,29
,29
,19
,19
,19
,301
,301
,301
,301
,301
,301
,301
,301
,301
,82
,251
,251
,251
,251
,251
,251
,251
,251
,251
,82
,82
,82
,82
,82
,82
,82
,82
,82
,82
,14
,14
,14
,14
,14
,14
,14
,14
,14
,14
,14
,14
,14
,14
,14
,14
,14
,14
,14
,14
,14
,82
,82
,183
,183
,183
,183
,183
,183
,183
,183
,219
,219
,219
,219
,219
,219
,219
,41
,41
,41
,41
,41
,41
,41
,41
,41
,41
,219
,98
,98
,98
,98
,98
,98
,98
,135
,135
,336
,336
,336
,336
,336
,336
,336
,336
,336
,336
,39
,39
,39
,39
,39
,39
,39
,39
,39
,39
,244
,244
,244
,244
,244
,244
,244
,39
,39
,39
,22
,22
,22
,22
,22
,22
,22
,148
,148
,148
,246
,246
,246
,246
,246
,246
,355
,355
,355
,355
,216
,216
,216
,73
,73
,73
,73
,73
,73
,265
,265
,265
,265
,148
,148
,148
,148
,148
,148
,148
,148
,342
,353
,87
,87
,2
,2
,291
,238
,238
,238
,238
,238
,238
,273
,273
,273
,273
,273
,273
,273
,273
,273
,273
,62
,2
,2
,2
,2
,247
,240
,135
,135
,135
,135
,135
,135
,135
,135
,135
,135
,135
,135
,135
,135
,135
,135
,135
,135
,135
,135
,135
,135
,135
,135
,135
,135
,135
,135
,135
,135
,135
,135
,135
,135
,135
,135
,135
,135
,135
,135
,135
,135
,135
,135
,135
,135
,135
,55
,10
,10
,10
,10
,10
,113
,46
,46
,46
,46
,46
,282
,352
,352
,352
,352
,352
,269
,269
,269
,269
,269
,269
,269
,100
,100
,100
,100
,100
,100
,100
,100
,100
,100
,9
,9
,9
,290
,290
,290
,290
,290
,290
,98
,357
,357
,357
,357
,357
,357
,133
,169
,243
,243
,243
,243
,243
,243
,243
,243
,243
,238
,87
,87
,87
,87
,11
,11
,11
,11
,11
,11
,11
,336
,164
,164
,164
,164
,164
,164
,164
,164
,164
,335
,335
,335
,165
,165
,165
,165
,165
,165
,165
,165
,13
,13
,13
,13
,13
,13
,13
,13
,13
,13
,13
,13
,305
,305
,305
,305
,305
,305
,305
,305
,305
,285
,216
,216
,40
,40
,1
,1
,1
,1
,1
,1
,1
,1
,98
,98
,116
,116
,116
,116
,116
,116
,116
,116
,116
,116
,356
,356
,86
,86
,86
,86
,86
,86
,86
,86
,66
,121
,163
,163
,163
,163
,163
,163
,163
,163
,121
,121
,121
,121
,121
,121
,121
,121
,121
,121
,248
,248
,248
,248
,248
,248
,248
,248
,248
,248
,173
,173
,173
,173
,173
,173
,173
,173
,173
,173
,173
,173
,236
,236
,236
,236
,236
,236
,236
,163
,248
,248
,248
,248
,248
,248
,248
,248
,248
,86
,86
,86
,86
,86
,86
,2
,206
,206
,206
,206
,206
,206
,206
,206
,206
,206
,206
,206
,206
,268
,268
,268
,90
,90
,90
,90
,90
,90
,90
,325
,325
,325
,98
,98
,98
,98
,98
,98
,98
,233
,233
,233
,233
,176
,176
,176
,98
,98
,98
,98
,98
,98
,98
,157
,325
,156
,156
,156
,156
,156
,156
,151
,21
,42
,21
,1
,1
,1
,19
,19
,19
,19
,19
,19
,268
,311
,311
,311
,311
,311
,311
,311
,311
,311
,98
,116
,116
,116
,19
,19
,19
,19
,19
,19
,216
,216
,216
,216
,206
,206
,206
,206
,206
,18
,18
,18
,18
,18
,18
,18
,18
,18
,18
,2
,2
,98
,78
,78
,78
,78
,78
,359
,359
,215
,215
,215
,215
,215
,215
,215
,215
,215
,215
,119
,119
,119
,119
,119
,119
,161
,161
,161
,161
,288
,116
,315
,1
,1
,19
,19
,19
,19
,19
,19
,19
,63
,63
,63
,139
,139
,139
,139
,139
,139
,139
,139
,9
,9
,9
,290
,290
,290
,290
,290
,290
,265
,265
,265
,311
,311
,311
,311
,311
,311
,98
,98
,331
,331
,331
,331
,331
,331
,116
,357
,175
,175
,175
,175
,175
,175
,175
,175
,120
,120
,120
,120
,120
,120
,249
,249
,68
,353
,353
,291
,291
,291
,291
,291
,291
,291
,291
,280
,113
,113
,113
,113
,113
,113
,113
,328
,276
,81
,81
,81
,81
,81
,81
,81
,81
,81
,81
,321
,321
,321
,321
,321
,181
,33
,181
,181
,181
,181
,181
,181
,181
,181
,181
,194
,194
,194
,194
,194
,194
,194
,194
,194
,92
,92
,44
,44
,44
,44
,44
,44
,241
,241
,241
,241
,211
,211
,211
,211
,211
,211
,211
,211
,211
,211
,211
,211
,211
,211
,211
,211
,117
,117
,117
,117
,117
,117
,117
,117
,117
,117
,117
,117
,117
,117
,158
,342
,342
,143
,143
,143
,143
,143
,143
,143
,143
,143
,143
,143
,204
,204
,204
,204
,204
,204
,204
,204
,204
,47
,204
,204
,204
,154
,154
,154
,154
,154
,154
,264
,264
,264
,264
,264
,264
,264
,264
,264
,264
,113
,113
,113
,113
,113
,113
,113
,113
,113
,113
,177
,177
,177
,177
,177
,177
,177
,177
,177
,177
,67
,67
,67
,67
,67
,67
,67
,67
,67
,67
,176
,136
,50
,321
,321
,129
,129
,129
,129
,129
,129
,50
,50
,50
,50
,50
,50
,50
,50
,50
,50
,50
,50
,200
,200
,200
,200
,200
,200
,200
,200
,200
,200
,100
,100
,100
,302
,302
,302
,302
,302
,302
,302
,302
,302
,123
,320
,320
,320
,320
,320
,320
,320
,191
,191
,191
,191
,191
,191
,60
,21
,67
,67
,67
,143
,177
,268
,9
,9
,138
,138
,138
,138
,138
,138
,138
,297
,297
,229
,258
,258
,258
,258
,258
,258
,258
,258
,258
,31
,31
,31
,31
,31
,31
,31
,20
,20
,20
,249
,249
,249
,249
,249
,249
,249
,249
,318
,2
,312
,312
,312
,285
,216
,216
,216
,265
,265
,265
,1
,98
,9
,9
,297
,297
,297
,297
,297
,297
,297
,138
,265
,182
,182
,182
,182
,182
,182
,182
,182
,272
,272
,272
,272
,272
,272
,272
,272
,272
,272
,272
,287
,244
,39
,39
,39
,39
,39
,39
,39
,39
,39
,244
,244
,244
,244
,244
,244
,244
,244
,244
,244
,39
,39
,39
,39
,39
,39
,39
,39
,39
,39
,39
,244
,244
,244
,244
,244
,244
,244
,39
,39
,39
,105
,105
,105
,105
,105
,105
,105
,37
,37
,237
,237
,237
,237
,237
,237
,237
,237
,237
,237
,237
,237
,261
,23
,23
,23
,111
,111
,111
,111
,111
,111
,111
,111
,111
,111
,111
,111
,111
,111
,111
,111
,111
,111
,111
,111
,110
,110
,110
,110
,110
,110
,110
,349
,349
,349
,349
,349
,349
,135
,135
,148
,148
,148
,148
,148
,148
,148
,148
,148
,353
,99
,99
,99
,99
,99
,99
,23
,23
,23
,23
,23
,23
,307
,99
,99
,99
,99
,99
,99
,207
,210
,210
,210
,210
,210
,210
,210
,210
,210
,206
,1
,19
,19
,19
,19
,19
,19
,19
,63
,63
,186
,186
,186
,186
,186
,186
,186
,49
,213
,74
,74
,74
,74
,74
,74
,217
,217
,217
,217
,217
,217
,217
,217
,217
,217
,217
,217
,217
,217
,217
,217
,216
,216
,216
,73
,73
,73
,73
,73
,73
,73
,98
,287
,287
,218
,218
,137
,137
,137
,137
,137
,137
,2
,152
,152
,152
,152
,152
,260
,260
,260
,260
,260
,260
,260
,260
,260
,260
,260
,260
,292
,292
,292
,292
,292
,292
,329
,329
,329
,329
,285
,268
,268
,268
,90
,90
,90
,90
,90
,325
,325
,325
,325
,325
,1
,1
,1
,1
,1
,2
,2
,2
,83
,83
,83
,83
,83
,83
,83
,83
,83
,139
,85
,85
,85
,85
,85
,85
,85
,85
,85
,98
,98
,98
,98
,98
,98
,98
,98
,157
,157
,21
,110
,52
,52
,52
,52
,52
,52
,286
,286
,286
,139
,139
,139
,139
,139
,139
,83
,83
,83
,83
,83
,83
,83
,83
,83
,83
,139
,186
,186
,186
,186
,186
,186
,186
,262
,41
,41
,232
,232
,232
,232
,232
,232
,232
,232
,232
,232
,262
,262
,262
,262
,262
,262
,262
,102
,102
,102
,102
,102
,102
,102
,102
,102
,102
,262
,262
,262
,216
,216
,216
,349
,349
,349
,349
,349
,349
,55
,55
,5
,5
,5
,5
,5
,5
,329
,329
,5
,112
,112
,112
,112
,112
,112
,112
,112
,112
,112
,112
,112
,112
,112
,112
,112
,235
,235
,235
,235
,235
,235
,231
,231
,231
,231
,231
,231
,231
,231
,231
,231
,231
,231
,231
,231
,316
,316
,316
,316
,316
,316
,316
,316
,316
,316
,93
,93
,93
,93
,93
,93
,84
,84
,84
,84
,84
,84
,84
,84
,84
,84
,93
,93
,93
,93
,231
,231
,231
,231
,231
,231
,231
,235
,235
,246
,246
,246
,246
,246
,246
,246
,84
,84
,84
,84
,84
,84
,84
,84
,84
,84
,84
,84
,84
,112
,112
,112
,112
,112
,112
,112
,112
,216
,216
,265
,161
,257
,257
,257
,315
,55
,55
,216
,216
,216
,359
,359
,359
,176
,176
,278
,278
,278
,278
,278
,278
,278
,186
,172
,172
,86
,86
,86
,86
,86
,86
,86
,259
,121
,121
,35
,35
,35
,142
,142
,142
,142
,142
,142
,142
,247
,247
,247
,247
,247
,247
,247
,247
,247
,247
,59
,59
,59
,59
,59
,59
,59
,59
,59
,59
,35
,35
,35
,59
,59
,59
,59
,59
,59
,59
,59
,59
,59
,118
,118
,118
,118
,118
,118
,118
,132
,132
,132
,172
,172
,172
,172
,172
,172
,172
,47
,47
,47
,47
,47
,47
,47
,47
,47
,47
,259
,259
,259
,2
,2
,240
,240
,240
,240
,240
,240
,240
,10
,282
,282
,282
,282
,282
,282
,282
,282
,282
,154
,154
,154
,154
,154
,154
,154
,282
,282
,282
,282
,282
,282
,282
,282
,282
,240
,223
,223
,223
,223
,223
,223
,223
,223
,223
,223
,223
,223
,223
,127
,167
,167
,167
,167
,167
,167
,249
,249
,249
,249
,249
,359
,359
,318
,318
,318
,318
,318
,318
,318
,318
,318
,318
,318
,318
,318
,318
,318
,359
,359
,285
,216
,5
,5
,106
,106
,106
,106
,106
,106
,106
,106
,124
,124
,124
,124
,124
,124
,124
,124
,124
,124
,124
,124
,124
,124
,124
,124
,118
,118
,3
,3
,3
,3
,107
,107
,107
,107
,107
,107
,107
,107
,107
,107
,107
,107
,107
,228
,228
,228
,228
,228
,228
,280
,280
,280
,2
,2
,97
,97
,12
,12
,12
,12
,12
,12
,12
,342
,148
,148
,288
,288
,288
,288
,179
,179
,179
,269
,269
,269
,269
,269
,1
,1
,1
,1
,283
,29
,29
,29
,29
,29
,293
,29
,29
,29
,29
,29
,29
,29
,29
,252
,334
,334
,334
,334
,334
,100
,100
,290
,290
,290
,290
,290
,290
,290
,290
,60
,60
,60
,60
,60
,60
,60
,60
,60
,162
,60
,60
,60
,60
,60
,60
,60
,60
,60
,60
,285
,216
,216
,216
,81
,81
,81
,81
,81
,81
,81
,81
,81
,81
,88
,88
,88
,88
,88
,88
,88
,88
,88
,298
,298
,298
,298
,298
,298
,298
,298
,298
,88
,88
,88
,88
,88
,88
,234
,234
,234
,234
,234
,234
,234
,234
,234
,45
,45
,45
,45
,45
,125
,125
,125
,234
,85
,85
,333
,333
,333
,333
,333
,333
,333
,234
,234
,234
,88
,85
,85
,85
,9
,9
,9
,9
,9
,9
,9
,9
,290
,290
,9
,9
,9
,9
,9
,9
,9
,9
,116
,116
,213
,9
,9
,9
,9
,9
,9
,9
,9
,9
,36
,221
,221
,221
,221
,221
,221
,221
,221
,221
,315
,206
,206
,139
,139
,81
,81
,63
,63
,63
,63
,63
,63
,63
,63
,63
,63
,183
,183
,183
,183
,183
,183
,5
,5
,5
,5
,5
,5
,147
,147
,147
,147
,147
,147
,185
,185
,185
,185
,185
,185
,185
,185
,185
,185
,17
,17
,17
,17
,17
,17
,17
,71
,71
,71
,55
,55
,55
,55
,55
,55
,17
,117
,117
,117
,326
,326
,326
,326
,326
,326
,225
,225
,225
,225
,17
,17
,17
,17
,17
,17
,17
,71
,71
,71
,128
,128
,128
,128
,128
,128
,225
,158
,158
,158
,158
,158
,158
,158
,158
,158
,158
,225
,225
,225
,147
,147
,147
,147
,147
,147
,147
,195
,195
,195
,33
,33
,33
,33
,33
,33
,311
,275
,275
,275
,275
,275
,275
,275
,275
,268
,42
,110
,358
,216
,216
,353
,353
,353
,353
,353
,353
,353
,353
,353
,353
,239
,134
,134
,134
,134
,134
,134
,134
,134
,134
,265
,265
,265
,348
,348
,348
,348
,348
,348
,348
,1
,1
,1
,1
,1
,92
,92
,92
,54
,54
,54
,54
,54
,54
,54
,308
,308
,308
,308
,308
,308
,308
,216
,216
,268
,268
,268
,294
,294
,294
,294
,294
,294
,294
,294
,294
,294
,294
,297
,72
,72
,72
,72
,72
,72
,72
,72
,72
,72
,72
,72
,72
,72
,72
,72
,72
,72
,339
,339
,339
,339
,339
,339
,339
,339
,59
,59
,59
,59
,59
,59
,59
,59
,59
,59
,35
,35
,12
,12
,12
,12
,12
,12
,12
,59
,59
,59
,92
,92
,271
,271
,271
,271
,71
,71
,71
,306
,306
,306
,306
,306
,306
,306
,71
,71
,71
,17
,17
,17
,17
,17
,17
,17
,71
,71
,71
,128
,128
,128
,128
,128
,128
,128
,158
,158
,158
,158
,158
,158
,158
,158
,158
,158
,225
,225
,225
,147
,147
,176
,101
,101
,101
,101
,101
,101
,176
,176
,176
,91
,91
,91
,91
,91
,91
,91
,91
,263
,263
,263
,176
,176
,176
,139
,139
,139
,139
,139
,83
,83
,83
,38
,38
,1
,1
,19
,19
,19
,19
,19
,19
,19
,19
,268
,268
,3
,3
,3
,3
,3
,3
,3
,3
,185
,185
,148
,148
,148
,148
,148
,148
,148
,148
,148
,353
,43
,43
,43
,43
,43
,43
,43
,43
,43
,43
,176
,176
,176
,349
,349
,349
,349
,349
,349
,349
,349
,274
,274
,349
,349
,349
,349
,349
,349
,349
,35
,35
,35
,142
,142
,142
,142
,142
,142
,142
,247
,247
,247
,65
,65
,65
,65
,65
,65
,65
,224
,224
,224
,224
,224
,224
,224
,224
,224
,224
,337
,337
,337
,337
,337
,337
,337
,118
,118
,118
,118
,118
,118
,118
,196
,132
,132
,172
,172
,172
,172
,172
,172
,172
,259
,205
,205
,205
,205
,205
,205
,205
,205
,205
,205
,259
,259
,92
,131
,131
,131
,131
,131
,131
,131
,131
,131
,49
,49
,49
,49
,49
,49
,49
,262
,332
,332
,332
,332
,332
,332
,332
,332
,332
,56
,128
,128
,254
,254
,254
,254
,254
,254
,171
,171
,146
,146
,146
,146
,146
,146
,146
,146
,146
,146
,127
,127
,127
,127
,127
,127
,127
,127
,284
,284
,284
,284
,67
,67
,284
,284
,284
,284
,184
,184
,184
,184
,184
,184
,184
,184
,284
,284
,171
,171
,171
,171
,171
,171
,171
,171
,171
,171
,333
,333
,1
,1
,19
,19
,19
,19
,19
,19
,19
,19
,268
,268
,3
,3
,3
,3
,3
,3
,3
,3
,290
,126
,126
,126
,285
,291
,291
,291
,291
,291
,291
,291
,291
,351
,351
,351
,351
,351
,351
,351
,176
,176
,35
,35
,130
,130
,130
,280
,280
,280
,280
,280
,280
,339
,339
,339
,339
,339
,339
,339
,339
,339
,339
,72
,72
,72
,72
,72
,72
,72
,270
,270
,270
,270
,270
,270
,270
,118
,118
,118
,118
,118
,118
,118
,196
,196
,196
,346
,346
,346
,346
,346
,346
,346
,47
,47
,47
,47
,47
,47
,47
,47
,47
,47
,47
,47
,47
,2
,2
,2
,186
,186
,166
,166
,166
,166
,166
,166
,166
,166
,184
,176
,176
,287
,287
,2
,2
,239
,239
,31
,31
,289
,289
,289
,289
,289
,289
,289
,157
,157
,295
,137
,137
,137
,137
,137
,137
,137
,137
,153
,153
,153
,153
,153
,153
,153
,153
,153
,133
,133
,133
,133
,133
,133
,133
,133
,133
,133
,153
,153
,153
,153
,153
,153
,153
,169
,169
,169
,169
,169
,169
,169
,169
,169
,169
,169
,169
,169
,120
,120
,120
,120
,120
,120
,120
,120
,190
,190
,190
,190
,190
,190
,190
,190
,190
,176
,176
,161
,176
,176
,257
,257
,257
,257
,257
,257
,257
,257
,257
,257
,24
,24
,24
,24
,24
,76
,76
,76
,76
,76
,176
,239
,239
,239
,239
,239
,239
,239
,153
,153
,153
,153
,153
,153
,153
,169
,169
,169
,169
,169
,169
,169
,169
,169
,169
,2
,2
,239
,239
,239
,239
,239
,239
,53
,53
,53
,53
,53
,53
,53
,53
,265
,265
,175
,175
,175
,175
,175
,175
,175
,175
,120
,120
,120
,120
,120
,120
,303
,169
,357
,357
,26
,26
,169
,331
,331
,331
,331
,331
,331
,331
,331
,331
,175
,175
,175
,175
,175
,175
,175
,175
,175
,357
,120
,120
,120
,120
,120
,120
,120
,120
,120
,116
,303
,303
,331
,2
,2
,162
,162
,162
,162
,162
,162
,162
,162
,81
,81
,81
,81
,195
,195
,195
,195
,195
,195
,195
,195
,195
,195
,195
,195
,195
,195
,189
,189
,189
,189
,189
,189
,189
,189
,189
,295
,131
,131
,131
,131
,131
,131
,131
,131
,131
,56
,332
,332
,332
,97
,97
,97
,97
,97
,97
,325
,0
,0
,0
,0
,0
,0
,220
,68
,68
,68
,68
,68
,68
,277
,167
,167
,167
,167
,167
,167
,167
,167
,167
,167
,180
,180
,180
,141
,141
,141
,141
,141
,141
,141
,141
,141
,221
,221
,221
,221
,221
,221
,221
,221
,221
,221
,36
,36
,36
,36
,36
,36
,114
,114
,114
,114
,114
,114
,114
,114
,114
,114
,114
,114
,114
,114
,114
,114
,114
,141
,141
,141
,141
,141
,141
,141
,36
,36
,36
,36
,36
,36
,36
,36
,36
,36
,61
,61
,61
,61
,61
,61
,61
,61
,61
,61
,141
,141
,141
,141
,141
,141
,141
,141
,141
,141
,92
,92
,92
,338
,338
,338
,338
,225
,218
,218
,218
,218
,218
,218
,28
,28
,28
,28
,13
,13
,13
,216
,288
,288
,288
,288
,288
,290
,290
,290
,290
,290
,179
,179
,179
,179
,2
,2
,92
,92
,92
,160
,160
,160
,160
,240
,160
,160
,160
,188
,188
,188
,188
,188
,188
,188
,188
,188
,188
,188
,188
,85
,85
,85
,85
,160
,160
,160
,111
,111
,111
,111
,111
,111
,111
,111
,23
,23
,23
,23
,23
,23
,23
,23
,23
,23
,111
,111
,48
,48
,48
,48
,48
,48
,48
,48
,48
,48
,226
,226
,226
,226
,226
,226
,226
,226
,226
,226
,226
,226
,226
,99
,99
,99
,99
,99
,99
,99
,148
,148
,268
,268
,247
,84
,176
,176
,176
,176
,43
,158
,218
,218
,206
,206
,206
,63
,63
,63
,183
,183
,183
,183
,183
,183
,183
,274
,274
,274
,155
,155
,155
,155
,155
,155
,94
,324
,324
,324
,324
,324
,324
,324
,324
,324
,94
,94
,94
,94
,94
,94
,94
,94
,94
,94
,265
,265
,265
,265
,265
,265
,265
,265
,265
,40
,261
,261
,261
,261
,261
,261
,261
,57
,57
,57
,196
,196
,196
,196
,196
,196
,196
,196
,196
,196
,341
,341
,341
,341
,130
,130
,130
,130
,130
,130
,130
,130
,130
,130
,130
,196
,196
,196
,196
,196
,196
,196
,57
,57
,57
,57
,57
,57
,57
,57
,57
,57
,196
,196
,196
,57
,57
,57
,57
,57
,57
,57
,57
,57
,57
,276
,276
,276
,276
,276
,276
,276
,2
,2
,87
,176
,176
,176
,170
,170
,170
,170
,170
,170
,170
,170
,170
,170
,287
,287
,287
,287
,287
,287
,287
,206
,206
,206
,206
,124
,124
,124
,124
,124
,124
,124
,124
,124
,124
,124
,95
,219
,2
,2
,3
,3
,3
,3
,3
,3
,3
,218
,218
,218
,218
,218
,218
,157
,157
,157
,157
,335
,335
,335
,164
,164
,164
,164
,164
,164
,335
,335
,335
,335
,165
,165
,165
,165
,165
,165
,165
,13
,13
,13
,13
,13
,13
,13
,13
,13
,13
,13
,13
,13
,247
,202
,202
,202
,202
,202
,202
,202
,202
,288
,288
,28
,28
,126
,126
,126
,126
,126
,126
,126
,176
,176
,176
,58
,176
,176
,193
,193
,193
,193
,193
,193
,193
,193
,4
,4
,4
,4
,4
,4
,4
,4
,4
,4
,4
,4
,4
,4
,4
,4
,4
,109
,109
,109
,109
,109
,109
,109
,109
,109
,16
,16
,16
,16
,16
,16
,16
,16
,16
,16
,109
,109
,109
,256
,256
,256
,256
,256
,256
,256
,256
,109
,109
,109
,109
,109
,109
,109
,109
,109
,109
,161
,145
,145
,145
,245
,245
,245
,245
,245
,245
,245
,145
,145
,145
,176
,176
,176
,176
,176
,296
,296
,296
,296
,296
,296
,296
,2
,2
,2
,62
,195
,195
,279
,279
,279
,279
,279
,279
,122
,122
,122
,122
,122
,122
,122
,122
,122
,122
,122
,122
,122
,122
,21
,92
,92
,92
,162
,162
,162
,162
,162
,162
,176
,176
,176
,95
,95
,95
,95
,95
,95
,95
,95
,95
,95
,16
,103
,103
,103
,103
,103
,103
,103
,103
,103
,103
,281
,92
,216
,237
,237
,249
,249
,281
,281
,281
,281
,311
,311
,311
,311
,98
,98
,98
,24
,24
,24
,24
,24
,76
,76
,76
,76
,76
,265
,265
,265
,311
,311
,311
,311
,311
,343
,343
,343
,343
,343
,343
,343
,343
,343
,343
,358
,358
,358
,358
,358
,42
,42
,42
,42
,42
,42
,42
,42
,42
,42
,2
,2
,2
,269
,269
,269
,269
,269
,269
,269
,92
,92
,150
,150
,150
,150
,150
,150
,150
,150
,199
,199
,199
,199
,199
,199
,199
,199
,199
,199
,199
,199
,199
,206
,206
,63
,63
,90
,90
,90
,90
,90
,90
,90
,325
,131
,131
,131
,131
,131
,131
,131
,131
,131
,131
,49
,49
,49
,49
,49
,49
,49
,56
,332
,332
,97
,97
,97
,97
,97
,97
,97
,127
,127
,127
,127
,127
,127
,127
,214
,214
,214
,214
,214
,214
,214
,214
,214
,214
,38
,38
,38
,38
,38
,38
,38
,38
,38
,38
,255
,255
,255
,255
,255
,255
,255
,15
,15
,15
,80
,80
,80
,80
,80
,80
,80
,187
,187
,187
,300
,300
,300
,300
,300
,300
,300
,108
,108
,108
,198
,198
,198
,198
,198
,198
,198
,38
,38
,38
,15
,15
,15
,15
,15
,15
,15
,254
,254
,254
,254
,254
,254
,254
,68
,68
,68
,68
,68
,68
,68
,68
,68
,68
,167
,167
,167
,167
,167
,167
,167
,167
,167
,167
,180
,180
,180
,97
,97
,97
,323
,323
,323
,176
,176
,176
,176
,176
,31
,31
,289
,289
,289
,289
,289
,289
,289
,289
,289
,53
,53
,53
,53
,53
,53
,53
,53
,53
,53
,26
,26
,26
,26
,26
,26
,26
,169
,169
,169
,295
,2
,2
,161
,92
,92
,183
,183
,183
,183
,183
,183
,55
,131
,131
,92
,92
,92
,174
,174
,174
,174
,174
,174
,174
,174
,174
,174
,174
,174
,174
,24
,24
,24
,24
,24
,285
,216
,216
,216
,268
,268
,268
,268
,268
,268
,268
,268
,161
,161
,162
,162
,162
,162
,162
,161
,161
,257
,257
,257
,257
,257
,257
,257
,257
,257
,257
,257
,257
,257
,257
,257
,257
,24
,24
,24
,24
,24
,257
,257
,257
,257
,257
,24
,24
,24
,24
,24
,24
,257
,257
,257
,76
,76
,64
,40
,291
,340
,340
,340
,340
,28
,28
,28
,28
,28
,28
,126
,71
,71
,71
,340
,340
,340
,340
,227
,227
,227
,227
,227
,227
,227
,28
,28
,28
,28
,28
,28
,28
,28
,28
,28
,216
,356
,108
,108
,108
,108
,108
,108
,108
,108
,108
,108
,108
,108
,108
,108
,108
,108
,108
,108
,108
,319
,319
,319
,319
,319
,319
,319
,319
,209
,209
,209
,209
,209
,209
,209
,209
,209
,96
,266
,266
,266
,266
,266
,266
,266
,266
,266
,266
,266
,266
,266
,266
,266
,266
,266
,266
,266
,266
,96
,96
,176
,176
,176
,176
,272
,272
,272
,272
,98
,98
,98
,98
,98
,98
,342
,342
,139
,139
,139
,139
,139
,139
,5
,5
,88
,88
,96
,96
,96
,96
,96
,96
,7
,7
,7
,7
,7
,7
,7
,7
,7
,7
,266
,266
,266
,266
,266
,266
,7
,7
,7
,7
,7
,7
,7
,7
,7
,7
,91
,91
,91
,31
,250
,250
,250
,334
,315
,206
,1
,19
,19
,19
,19
,19
,19
,19
,19
,19
,268
,90
,90
,90
,90
,90
,90
,90
,207
,207
,230
,50
,50
,50
,50
,50
,50
,50
,321
,321
,321
,293
,293
,293
,293
,293
,293
,293
,230
,230
,230
,230
,230
,230
,230
,230
,230
,230
,230
,230
,66
,66
,66
,66
,66
,66
,66
,66
,66
,66
,356
,356
,356
,356
,356
,356
,356
,356
,356
,356
,86
,86
,86
,86
,86
,86
,86
,86
,253
,253
,203
,203
,203
,203
,203
,203
,203
,203
,203
,203
,203
,203
,203
,203
,203
,203
,203
,203
,64
,64
,64
,64
,64
,64
,64
,64
,64
,64
,64
,6
,6
,6
,6
,6
,6
,6
,6
,6
,103
,64
,64
,64
,64
,16
,323
,6
,6
,64
,64
,9
,9
,9
,9
,9
,9
,9
,62
,354
,242
,242
,87
,87
,87
,87
,87
,87
,87
,87
,87
,267
,267
,267
,267
,267
,267
,267
,267
,267
,267
,267
,267
,267
,176
,176
,92
,359
,359
,56
,56
,56
,56
,56
,56
,56
,56
,56
,295
,40
,40
,40
,353
,353
,98
,288
,310
,310
,310
,310
,310
,310
,310
,310
,310
,290
,359
,359
,359
,56
,56
,56
,56
,56
,56
,56
,56
,295
,295
,295
,295
,295
,295
,295
,209
,277
,277
,277
,277
,277
,277
,277
,277
,277
,277
,277
,277
,277
,277
,277
,266
,96
,96
,96
,96
,96
,96
,96
,96
,96
,277
,277
,277
,7
,7
,7
,7
,7
,7
,7
,266
,266
,266
,266
,266
,266
,266
,7
,7
,7
,252
,252
,252
,252
,27
,27
,27
,27
,27
,27
,29
,29
,29
,29
,213
,213
,213
,182
,182
,182
,182
,182
,182
,182
,182
,182
,201
,201
,201
,201
,201
,201
,201
,201
,201
,201
,81
,265
,265
,265
,355
,355
,355
,355
,355
,11
,11
,11
,11
,11
,11
,355
,355
,355
,355
,25
,25
,25
,25
,25
,238
,238
,238
,238
,238
,238
,25
,25
,25
,25
,25
,25
,25
,25
,25
,25
,25
,25
,25
,25
,92
,92
,92
,92
,43
,92
,92
,55
,55
,55
,55
,55
,55
,3
,285
,285
,216
,216
,5
,5
,5
,5
,5
,5
,5
,208
,208
,208
,208
,208
,208
,208
,70
,70
,70
,70
,70
,70
,70
,70
,70
,70
,70
,70
,70
,70
,33
,1
,1
,1
,19
,19
,19
,19
,19
,19
,19
,216
,216
,92
,92
,92
,3
,3
,3
,3
,3
,3
,176
,176
,176
,92
,92
,176
,176
,176
,239
,239
,239
,78
,78
,78
,2
,2
,296
,296
,296
,296
,296
,296
,2
,2
,24
,24
,24
,24
,24
,24
,342
,342
,342
,342
,342
,342
,81
,58
,350
,159
,159
,159
,159
,159
,159
,159
,159
,159
,159
,350
,350
,350
,350
,350
,350
,350
,350
,350
,77
,77
,77
,77
,77
,77
,77
,64
,265
,265
,141
,36
,208
,208
,141
,239
,36
,61
,291
,291
,291
,291
,291
,291
,291
,291
,35
,35
,92
,92
,92
,69
,69
,69
,69
,69
,69
,69
,2
,2
,2
,311
,311
,311
,311
,311
,311
,98
,176
,176
,176
,53
,53
,53
,53
,26
,26
,26
,26
,169
,216
,216
,81
,81
,81
,81
,81
,81
,81
,81
,81
,81
,271
,271
,271
,271
,271
,271
,271
,140
,140
,140
,140
,140
,140
,140
,140
,140
,140
,89
,89
,89
,89
,89
,89
,89
,89
,89
,89
,304
,304
,304
,304
,304
,304
,304
,268
,268
,268
,268
,3
,3
,3
,3
,3
,3
,247
,247
,247
,247
,186
,186
,186
,186
,186
,186
,92
,92
,92
,92
,31
,20
,20
,20
,20
,20
,20
,190
,92
,92
,92
,65
,104
,104
,104
,104
,104
,104
,104
,104
,104
,104
,274
,274
,274
,104
,104
,104
,104
,104
,104
,104
,104
,104
,104
,92
,92
,92
,176
,176
,176
,207
,207
,207
,207
,207
,207
,173
,163
,163
,163
,268
,123
,123
,123
,123
,123
,123
,123
,123
,123
,309
,309
,309
,309
,309
,309
,309
,309
,309
,309
,229
,229
,229
,229
,229
,229
,229
,229
,229
,229
,258
,327
,327
,327
,327
,327
,327
,327
,327
,327
,330
,330
,330
,330
,330
,330
,330
,345
,345
,345
,345
,345
,345
,229
,229
,229
,31
,303
,303
,303
,303
,303
,303
,303
,303
,303
,146
